,HomeTeam,AwayTeam,PSH,PSD,PSA,FTR,impliedhomechance,impliedawaychance,implieddrawchance,Date,resultprediction,win?
1284,Everton,Cardiff,1.43,4.78,8.61,H,0.6176485455175862,0.14783410063014854,0.23451735385226571,2018-11-24,H,1
1286,Watford,Liverpool,6.31,4.28,1.59,A,0.22416018781259417,0.570319312454837,0.20552049973256994,2018-11-24,A,1
1291,Wolves,Huddersfield,1.51,4.16,8.2,A,0.5233514605229392,0.21420624225042345,0.2624422972266374,2018-11-25,H,0
1292,Bournemouth,Arsenal,3.53,3.84,2.1,A,0.3051833188783161,0.44357264933566537,0.25124403178601906,2018-11-25,A,1
1293,Burnley,Newcastle,2.93,3.16,2.77,A,0.46811927762311145,0.25672714924584733,0.275153573131041,2018-11-26,H,0
1294,Cardiff,Wolves,3.76,3.32,2.22,H,0.37989405905008167,0.3463056211192284,0.2738003198306903,2018-11-30,H,1
1295,Chelsea,West Brom,1.4,5.1,9.05,H,0.6642334627973361,0.11505083298014475,0.22071570422251932,2018-12-02,H,1
1296,Stoke,Man City,13.25,6.89,1.25,A,0.2282852979608454,0.5593877377953188,0.21232696424383654,2018-12-03,A,1
1297,Liverpool,West Ham,1.27,6.35,13.25,H,0.6289128773410958,0.1343743551277056,0.23671276753119935,2018-12-08,H,1
1298,Arsenal,Man City,4.0,3.97,1.93,A,0.38961015324494014,0.3445467479338947,0.26584309882116375,2018-12-08,H,0
1299,Southampton,Burnley,1.86,3.51,4.99,D,0.510941264952397,0.21878763947558869,0.2702710955720146,2018-12-08,H,0
1305,Watford,Cardiff,1.63,3.99,6.37,H,0.5060867421733264,0.2232372159934775,0.27067604183319616,2018-12-15,H,1
1306,Wolves,Bournemouth,2.02,3.48,4.2,H,0.3971728019559723,0.33108441489606805,0.27174278314795924,2018-12-15,H,1
1303,Man City,Everton,1.22,7.01,13.26,H,0.6529296758150435,0.12042963489259141,0.22664068929236575,2018-12-15,H,1
1304,Tottenham,Burnley,1.18,7.74,18.36,H,0.6709103747064287,0.11225098578481352,0.21683863950875795,2018-12-15,H,1
1302,Huddersfield,Newcastle,2.73,3.05,3.08,A,0.3766697906272265,0.3473571244448225,0.2759730849279504,2018-12-15,H,0
1301,Fulham,West Ham,3.03,3.59,2.44,A,0.3809726163305761,0.34067934854922177,0.2783480351202014,2018-12-15,H,0
1300,Crystal Palace,Leicester,2.72,3.15,2.99,H,0.32015213663943354,0.4209732078078093,0.2588746555527571,2018-12-15,A,0
1307,Southampton,Arsenal,3.87,3.9,1.98,H,0.3040860320893127,0.44758293918247927,0.2483310287282081,2018-12-16,A,0
1308,Liverpool,Man United,1.53,4.51,6.76,H,0.5360939046430644,0.1919088307856875,0.27199726457124784,2018-12-16,H,1
1309,Brighton,Chelsea,7.64,4.37,1.51,A,0.22661014402833896,0.5677848632038913,0.2056049927677707,2018-12-16,A,1
1310,Wolves,Liverpool,6.85,4.04,1.59,A,0.2288920183228785,0.5631066610294687,0.20800132064765386,2018-12-21,A,1
1318,Newcastle,Fulham,2.03,3.58,4.06,D,0.5184888127088882,0.21533367030400719,0.2661775169871049,2018-12-22,H,0
1317,West Ham,Watford,2.37,3.57,3.16,A,0.4753575214251504,0.24842025161499545,0.27622222695985416,2018-12-22,H,0
1315,Huddersfield,Southampton,3.08,3.11,2.68,A,0.3195174262464631,0.421244105155738,0.2592384685977991,2018-12-22,A,1
1316,Man City,Crystal Palace,1.14,9.39,21.47,A,0.6568316312902788,0.12214502230452316,0.22102334640519786,2018-12-22,H,0
1313,Cardiff,Man United,6.27,4.1,1.62,A,0.24667728516845108,0.5324624954777333,0.22086021935381633,2018-12-22,A,1
1312,Bournemouth,Brighton,1.95,3.55,4.4,H,0.5497906681795841,0.19598642720828946,0.2542229046121265,2018-12-22,H,1
1311,Arsenal,Burnley,1.23,6.4,14.96,H,0.6749607752306337,0.11080524506064042,0.2142339797087265,2018-12-22,H,1
1314,Chelsea,Leicester,1.33,5.42,11.37,A,0.5760073137122897,0.1653824740449344,0.2586102122427758,2018-12-22,H,0
1319,Everton,Tottenham,3.27,3.47,2.35,A,0.3086009991389095,0.44096506099339616,0.2504339398676945,2018-12-23,A,1
1327,Brighton,Arsenal,5.26,3.84,1.75,D,0.26012504475025905,0.5125720681621112,0.2273028870876298,2018-12-26,A,0
1320,Leicester,Man City,9.66,5.31,1.36,H,0.26601058208565004,0.5064670613674096,0.2275223565469408,2018-12-26,A,0
1321,Watford,Chelsea,5.08,3.92,1.76,A,0.2350747757528488,0.5545044486137929,0.21042077563335906,2018-12-26,A,1
1322,Tottenham,Bournemouth,1.37,5.18,10.01,H,0.6176857482907157,0.14349973295008742,0.23881451875919762,2018-12-26,H,1
1323,Man United,Huddersfield,1.23,6.79,13.8,H,0.6596674983699878,0.11743301136599088,0.2228994902640216,2018-12-26,H,1
1324,Fulham,Wolves,3.25,3.3,2.45,D,0.42331924068866,0.3013417934433785,0.2753389658679613,2018-12-26,H,0
1325,Crystal Palace,Cardiff,1.65,3.96,6.08,D,0.5346776176504953,0.2077006245523028,0.2576217577972019,2018-12-26,H,0
1326,Burnley,Everton,4.51,3.5,1.95,A,0.39794344126417264,0.32275528533721776,0.27930127339860916,2018-12-26,H,0
1328,Liverpool,Newcastle,1.16,8.26,19.61,H,0.6740289091471167,0.10913275872489692,0.21683833212798703,2018-12-26,H,1
1329,Southampton,West Ham,2.28,3.56,3.32,A,0.4136439769581938,0.3030248537825678,0.2833311692592374,2018-12-27,H,0
1330,Brighton,Everton,3.54,3.41,2.26,H,0.36988048516895305,0.35039551905171007,0.2797239957793364,2018-12-29,H,1
1331,Watford,Newcastle,1.81,3.78,4.9,D,0.44270390912409885,0.2759479601397377,0.28134813073616266,2018-12-29,H,0
1332,Leicester,Cardiff,1.58,4.31,6.4,A,0.5906537312796682,0.1655716453656178,0.24377462335471456,2018-12-29,H,0
1333,Fulham,Huddersfield,2.09,3.32,4.16,H,0.5270011702810018,0.2108087380829101,0.26219009163608853,2018-12-29,H,1
1334,Tottenham,Wolves,1.37,5.12,9.98,A,0.6388299312572016,0.13075181116987009,0.2304182575729287,2018-12-29,H,0
1335,Liverpool,Arsenal,1.5,4.93,6.59,H,0.5654302548070426,0.17176899489603537,0.2628007502969224,2018-12-29,H,1
1336,Burnley,West Ham,3.39,3.53,2.27,H,0.3634371769732489,0.3611595828775407,0.27540324014920975,2018-12-30,H,1
1337,Crystal Palace,Chelsea,5.17,3.87,1.76,A,0.2552088020624153,0.5234252667532869,0.22136593118429826,2018-12-30,A,1
1338,Man United,Bournemouth,1.37,5.45,8.96,H,0.5796685022303426,0.1643985270602283,0.25593297070942955,2018-12-30,H,1
1339,Southampton,Man City,9.96,5.8,1.33,A,0.2334433899309085,0.5514547868605452,0.215101823208547,2018-12-30,A,1
1342,Arsenal,Fulham,1.34,5.58,9.02,H,0.6806698033456355,0.10693619029226259,0.21239400636210257,2019-01-01,H,1
1341,Everton,Leicester,2.01,3.57,4.14,A,0.4674171937599838,0.26500677997743977,0.2675760262625764,2019-01-01,H,0
1340,Cardiff,Tottenham,7.19,4.45,1.5,A,0.22896246105697168,0.5561572859399683,0.2148802530030614,2019-01-01,A,1
1343,Arsenal,Newcastle,1.39,5.29,8.57,H,0.680300301980434,0.10770365792760919,0.21199604009195747,2019-01-04,H,1
1344,Arsenal,Tottenham,2.38,3.67,3.0,D,0.4770854232959921,0.23759098034951703,0.28532359635449045,2019-01-09,H,0
1345,Everton,Wolves,2.17,3.36,3.71,H,0.5476614935933921,0.19525494179228384,0.2570835646143235,2019-01-09,H,1
1346,Man United,Aston Villa,1.48,4.44,7.72,D,0.6506277802637976,0.12359119790241077,0.2257810218337924,2019-01-12,H,0
1347,Leicester,Everton,1.64,4.19,5.58,H,0.5028984960387057,0.2222095323291991,0.2748919716320949,2019-01-12,H,1
1348,Norwich,Arsenal,4.27,4.33,1.78,D,0.30441187072567744,0.4453194345229019,0.25026869475142133,2019-01-12,A,0
1350,Tottenham,Man United,2.07,3.7,3.75,A,0.5303620055374009,0.2021935795780472,0.2674444148845516,2019-01-13,H,0
1351,Everton,Bournemouth,1.76,4.0,4.91,H,0.5197361249461723,0.2167495794512534,0.26351429560257444,2019-01-13,H,1
1352,Man City,Wolves,1.19,7.47,16.79,H,0.653546543255119,0.12209196529521646,0.22436149144966497,2019-01-14,H,1
1359,Southampton,Everton,2.76,3.41,2.73,H,0.4497864756102607,0.26433757730955626,0.28587594708018255,2019-01-19,H,1
1360,Newcastle,Cardiff,1.97,3.39,4.53,H,0.5117149016655441,0.21975503358469542,0.26853006474976077,2019-01-19,H,1
1357,Man United,Brighton,1.32,5.62,10.92,H,0.6661153644552521,0.11469372812103447,0.2191909074237135,2019-01-19,H,1
1358,Wolves,Leicester,2.38,3.21,3.48,H,0.32739967603895537,0.4148422968825032,0.25775802707854106,2019-01-19,A,0
1355,Arsenal,Chelsea,3.09,3.65,2.37,H,0.4848264585630941,0.23025859611952457,0.28491494531738115,2019-01-19,H,1
1356,Bournemouth,West Ham,2.34,3.71,3.08,H,0.4408299079767974,0.2777119470380724,0.2814581449851299,2019-01-19,H,1
1354,Liverpool,Crystal Palace,1.19,7.45,16.08,H,0.6423804639253261,0.1286806185749743,0.22893891749970002,2019-01-19,H,1
1353,Watford,Burnley,1.64,4.15,5.72,D,0.4498636834533475,0.2676048416670168,0.2825314748796351,2019-01-19,H,0
1361,Huddersfield,Man City,21.51,8.28,1.15,A,0.2245192669075063,0.56284477068907,0.21263596240342483,2019-01-20,A,1
1362,Fulham,Tottenham,5.49,3.69,1.74,A,0.2398418197407556,0.5394222936450925,0.22073588661415283,2019-01-20,A,1
1363,Man United,Burnley,1.29,5.73,11.91,D,0.6426385298279853,0.12681734940950534,0.23054412076251,2019-01-29,H,0
1364,Wolves,West Ham,2.1,3.49,3.84,H,0.40192673891481345,0.3178904939246028,0.28018276716058316,2019-01-29,H,1
1365,Arsenal,Cardiff,1.22,6.92,13.58,H,0.6808643042578136,0.10695681276020497,0.212178882981982,2019-01-29,H,1
1366,Fulham,Brighton,2.42,3.23,3.35,H,0.5195506078560345,0.21714507408941977,0.26330431805454624,2019-01-29,H,1
1367,Huddersfield,Everton,4.06,3.31,2.11,A,0.3336124211291339,0.3972362254398553,0.26915135343101027,2019-01-29,A,1
1368,Newcastle,Man City,14.57,7.67,1.2,H,0.23057643533308878,0.556110606351609,0.21331295831530303,2019-01-29,A,0
1372,Liverpool,Leicester,1.24,6.55,13.11,D,0.6001875687874517,0.15276059636374387,0.24705183484880497,2019-01-30,H,0
1371,Tottenham,Watford,1.65,3.98,5.9,H,0.6722689020796915,0.11275406074495103,0.2149770371753577,2019-01-30,H,1
1369,Southampton,Crystal Palace,2.39,3.38,3.25,D,0.4605576550906925,0.2626152534370107,0.2768270914722967,2019-01-30,H,0
1370,Bournemouth,Chelsea,5.55,4.26,1.64,H,0.2564582701892505,0.5203954023041841,0.22314632750656582,2019-01-30,A,0
1373,Bournemouth,Watford,2.63,3.54,2.81,D,0.4936721284891623,0.23250103298660435,0.27382683852423356,2019-02-01,H,0
1374,Chelsea,Southampton,1.27,6.08,12.2,D,0.6141245060619416,0.1422017658802612,0.24367372805779752,2019-02-01,H,0
1375,Wolves,Crystal Palace,2.04,3.41,4.24,A,0.44611188546771113,0.2769376112699358,0.2769505032623532,2019-02-01,H,0
1376,West Ham,Brighton,1.99,3.62,4.14,D,0.5211463943423131,0.21556577260431894,0.26328783305336867,2019-02-01,H,0
1377,Newcastle,Man United,5.87,4.3,1.6,A,0.27125712810813335,0.495421753003651,0.2333211188882158,2019-02-01,A,1
1378,Huddersfield,Burnley,2.17,3.18,4.08,A,0.3767797024822466,0.3437608394348156,0.2794594580829369,2019-02-01,H,0
1384,Burnley,Southampton,2.59,3.43,2.91,D,0.402218472884137,0.3270576955037946,0.2707238316120681,2019-02-02,H,0
1385,Chelsea,Huddersfield,1.22,6.93,14.33,H,0.6721475293414246,0.110290338004201,0.21756213265437463,2019-02-02,H,1
1383,Cardiff,Bournemouth,3.31,3.48,2.33,H,0.3431090954575995,0.39195037437196284,0.26494053017043795,2019-02-02,A,0
1382,Brighton,Watford,2.65,3.27,2.95,D,0.40478690405366397,0.31580007735402826,0.27941301859230677,2019-02-02,H,0
1381,Crystal Palace,Fulham,2.05,3.59,3.9,H,0.5238931449343615,0.2152908220543432,0.26081603301129525,2019-02-02,H,1
1380,Everton,Wolves,2.44,3.33,3.21,A,0.5476614935933921,0.19525494179228384,0.2570835646143235,2019-02-02,H,0
1379,Tottenham,Newcastle,1.43,4.47,9.35,H,0.6801884309239906,0.10823465384479299,0.21157691523121663,2019-02-02,H,1
1386,Burnley,Crystal Palace,2.9,3.32,2.67,A,0.4283414989134805,0.30086775436976076,0.27079074671675857,2019-02-03,H,0
1387,Man United,Southampton,1.45,4.61,8.37,H,0.5702418170620049,0.17115366727371162,0.2586045156642835,2019-02-03,H,1
1388,Tottenham,Arsenal,2.05,3.75,3.78,D,0.5469381561097038,0.187234695289551,0.2658271486007453,2019-02-03,H,0
1389,Brighton,Huddersfield,1.83,3.5,5.24,H,0.4859272037499674,0.23780411516403382,0.2762686810859985,2019-02-03,H,1
1390,Wolves,Cardiff,1.51,4.37,7.46,H,0.5344548216521663,0.207855446023038,0.25768973232479586,2019-02-03,H,1
1391,West Ham,Newcastle,2.1,3.56,3.81,H,0.49178596413145204,0.23469342564608386,0.27352061022246443,2019-02-03,H,1
1392,Bournemouth,Man City,11.74,7.23,1.23,A,0.23622973312390108,0.5470010213123753,0.2167692455637245,2019-02-03,A,1
1393,Watford,Fulham,1.76,3.86,5.06,H,0.49527364498703763,0.23130117757506827,0.273425177437894,2019-02-04,H,1
1394,Wolves,Man United,3.98,3.6,2.02,H,0.277255279747897,0.48855133536389284,0.23419338488821062,2019-02-04,A,0
1402,Watford,Chelsea,5.13,4.21,1.68,A,0.2350747757528488,0.5545044486137929,0.21042077563335906,2019-02-11,A,1
1401,Bournemouth,Man United,3.41,3.6,2.19,H,0.2860864232491772,0.47278406552120084,0.2411295112296225,2019-02-11,A,0
1400,Man City,Southampton,1.08,13.13,33.77,H,0.6406392763773517,0.12835680820574885,0.2310039154168995,2019-02-11,H,1
1399,Arsenal,Wolves,1.79,3.81,4.81,D,0.6450720374508205,0.12639340855977316,0.22853455398940703,2019-02-11,H,0
1395,West Ham,Newcastle,1.79,3.87,4.69,A,0.49178596413145204,0.23469342564608386,0.27352061022246443,2019-02-11,H,0
1397,Aston Villa,Liverpool,8.36,5.63,1.36,A,0.21797349262870713,0.5763216355478529,0.20570487182344138,2019-02-11,A,1
1396,Sheffield United,Burnley,2.33,3.26,3.43,H,0.5318894109214327,0.20853761744674493,0.25957297163182236,2019-02-11,H,1
1398,Brighton,Norwich,1.71,4.24,4.8,H,0.49288207998708583,0.2379698891426566,0.26914803087025746,2019-02-11,H,1
1403,Cardiff,Watford,3.08,3.36,2.5,A,0.41083227471956163,0.311563072678202,0.27760465260223566,2019-02-22,H,0
1404,West Ham,Fulham,1.96,3.72,4.09,H,0.5286759727908447,0.2106742009919913,0.26064982621716415,2019-02-22,H,1
1407,Burnley,Tottenham,5.52,3.81,1.73,H,0.23744333317969782,0.545148782291048,0.2174078845292549,2019-02-23,A,0
1405,Leicester,Crystal Palace,2.24,3.35,3.66,A,0.5156670200122994,0.2165687779150211,0.2677642020726795,2019-02-23,H,0
1406,Newcastle,Huddersfield,1.85,3.43,5.22,H,0.5127146645344277,0.21802976932067475,0.2692555661448976,2019-02-23,H,1
1408,Bournemouth,Wolves,2.88,3.31,2.69,D,0.4697723644403665,0.25684010554340264,0.2733875300162309,2019-02-23,H,0
1410,Man United,Liverpool,3.16,3.63,2.35,D,0.367625691351914,0.3557809867450815,0.27659332190300445,2019-02-24,H,0
1409,Arsenal,Southampton,1.53,4.47,6.58,H,0.6348786443546721,0.13117067045216022,0.23395068519316806,2019-02-24,H,1
1411,Cardiff,Everton,3.85,3.38,2.14,A,0.3614653886328347,0.36071411925275365,0.27782049211441134,2019-02-26,H,0
1412,Huddersfield,Wolves,5.17,3.41,1.86,H,0.331021018410625,0.4036393559815101,0.26533962560786495,2019-02-26,A,0
1413,Leicester,Brighton,1.95,3.45,4.53,H,0.5920654674800294,0.16478108258713792,0.24315344993283286,2019-02-26,H,1
1414,Newcastle,Burnley,2.15,3.33,3.89,H,0.4841838267288808,0.23606396631667143,0.2797522069544481,2019-02-26,H,1
1415,Arsenal,Bournemouth,1.46,4.85,7.4,H,0.6289723703818203,0.13690729477719812,0.23412033484098246,2019-02-27,H,1
1416,Chelsea,Tottenham,2.3,3.48,3.38,H,0.45280247760821996,0.26110375378008854,0.286093768611691,2019-02-27,H,1
1417,Crystal Palace,Man United,3.25,3.43,2.36,A,0.27030543134980334,0.4953656548342736,0.23432891381592388,2019-02-27,A,1
1418,Liverpool,Watford,1.29,5.66,11.94,H,0.670004382163753,0.11187121416646695,0.21812440366978048,2019-02-27,H,1
1419,Man City,West Ham,1.16,8.38,17.97,H,0.6496326666638828,0.12534465738001616,0.22502267595610162,2019-02-27,H,1
1420,Southampton,Fulham,1.93,3.66,4.33,H,0.5345642645541031,0.20409553249442214,0.2613402029514749,2019-02-27,H,1
1421,Man City,Liverpool,2.06,3.87,3.61,H,0.48109923320489356,0.22785003737930484,0.29105072941580135,2019-03-01,H,1
1423,Leicester,Man United,3.84,3.37,2.17,A,0.3234263245638097,0.42274424461783905,0.25382943081835124,2019-03-02,A,1
1422,Man City,Arsenal,1.32,6.24,9.06,H,0.5725173129517878,0.173392742301986,0.25408994474622665,2019-03-02,H,1
1424,Everton,Liverpool,5.69,4.05,1.67,D,0.2954492672897079,0.4548828520725119,0.24966788063778056,2019-03-03,A,0
1425,Fulham,Chelsea,6.49,4.68,1.53,A,0.23757185773056824,0.5483291166020523,0.21409902566738032,2019-03-03,A,1
1426,Watford,Leicester,2.5,3.45,3.04,H,0.3089993307560354,0.43759509693318704,0.25340557231077687,2019-03-03,A,0
1427,Chelsea,Brighton,1.27,5.71,15.03,H,0.6780741503748899,0.10811624923661531,0.21380960038849497,2019-03-04,H,1
1428,Tottenham,Crystal Palace,1.47,4.67,7.45,H,0.6454578937496828,0.12730706168143832,0.22723504456887902,2019-03-04,H,1
1429,Man City,Cardiff,1.07,14.96,42.94,H,0.6796499295305224,0.10793949531699244,0.21241057515248565,2019-03-04,H,1
1430,Everton,Burnley,1.68,3.91,5.73,H,0.6027289050991408,0.15697019928316996,0.24030089561768986,2019-03-05,H,1
1431,Crystal Palace,Leicester,3.57,3.42,2.2,A,0.32015213663943354,0.4209732078078093,0.2588746555527571,2019-03-11,A,1
1432,Everton,Tottenham,2.74,3.55,2.63,D,0.3086009991389095,0.44096506099339616,0.2504339398676945,2019-03-11,A,0
1433,Crystal Palace,Bournemouth,2.27,3.41,3.42,H,0.3763229598940242,0.351652576691432,0.272024463414544,2019-03-12,H,1
1434,Burnley,Man City,10.8,6.62,1.26,A,0.23050578416070722,0.5553738418169752,0.21412037402231857,2019-03-12,A,1
1437,West Ham,Huddersfield,1.58,4.09,6.7,H,0.533261245394139,0.20676626761856373,0.2599724869872974,2019-03-16,H,1
1436,Burnley,Leicester,3.16,3.43,2.41,A,0.3137970260831066,0.43386761004177077,0.25233536387512256,2019-03-16,A,1
1435,Bournemouth,Newcastle,2.13,3.45,3.79,D,0.5082521579479392,0.22328786691568536,0.26845997513637554,2019-03-16,H,0
1438,Everton,Chelsea,4.12,3.64,1.99,H,0.3455946092931396,0.39126507003172384,0.2631403206751375,2019-03-17,A,0
1439,Fulham,Liverpool,11.68,6.34,1.27,A,0.2266472534746191,0.5649514130071378,0.20840133351824436,2019-03-17,A,1
1440,West Ham,Everton,2.6,3.41,2.93,A,0.42705931021110194,0.2873649332636802,0.2855757565252172,2019-03-30,H,0
1441,Man United,Watford,1.45,4.85,7.5,H,0.6386488841755832,0.13015678158609784,0.23119433423831945,2019-03-30,H,1
1442,Fulham,Man City,21.02,9.55,1.13,A,0.23032196821141157,0.5546904647662515,0.2149875670223382,2019-03-30,A,1
1443,Crystal Palace,Huddersfield,1.47,4.35,8.4,H,0.5289955891503636,0.2107607510586897,0.26024365979094655,2019-03-30,H,1
1444,Leicester,Bournemouth,1.84,3.88,4.51,H,0.45963417345026686,0.2665993831798073,0.2737664433699254,2019-03-30,H,1
1445,Brighton,Southampton,2.6,3.14,3.13,A,0.3658722159591703,0.3632346064070338,0.2708931776337959,2019-03-30,H,0
1446,Burnley,Wolves,3.21,3.23,2.5,H,0.41819178271721724,0.310395074517881,0.27141314276490125,2019-03-30,H,1
1447,Cardiff,Chelsea,8.23,4.64,1.46,A,0.22386437976847998,0.5701441175472206,0.20599150268430078,2019-03-31,A,1
1448,Liverpool,Tottenham,1.63,4.17,5.9,H,0.4966350216459501,0.21606068244382995,0.2873042959102197,2019-03-31,H,1
1449,West Ham,Liverpool,7.52,5.27,1.41,D,0.23348029272909185,0.5556717360794164,0.2108479711914926,2019-04-02,A,0
1450,Cardiff,Crystal Palace,2.62,3.75,2.68,A,0.3995640771871799,0.32558732119035166,0.274848601622468,2019-04-05,H,0
1451,Newcastle,Liverpool,9.92,5.04,1.36,A,0.23048614330686856,0.5608571183653192,0.2086567383278132,2019-04-05,A,1
1452,West Ham,Southampton,2.33,3.72,3.09,H,0.4303040726898787,0.29406087815151566,0.2756350491586055,2019-04-05,H,1
1453,Wolves,Fulham,1.56,4.16,6.69,H,0.5270013268267664,0.21251292865058374,0.26048574452264994,2019-04-05,H,1
1454,Bournemouth,Tottenham,4.06,3.9,1.92,H,0.2517414262532265,0.5221112314823029,0.2261473422644709,2019-04-05,A,0
1455,Chelsea,Aston Villa,1.31,5.94,10.36,H,0.6718191804895416,0.11098579721332703,0.21719502229713183,2019-04-12,H,1
1456,Leicester,Watford,1.36,5.35,9.41,H,0.5453281188914398,0.194191191027898,0.26048069008066266,2019-04-12,H,1
1457,Wolves,West Ham,1.78,3.83,4.87,H,0.40192673891481345,0.3178904939246028,0.28018276716058316,2019-04-12,H,1
1458,Southampton,Norwich,1.79,4.09,4.41,H,0.5468364311293541,0.1969643536407404,0.2561992152299055,2019-04-12,H,1
1459,Liverpool,Everton,1.4,5.13,8.29,H,0.6453086846230406,0.12287125545245448,0.23182005992450555,2019-04-12,H,1
1460,Man United,Tottenham,2.71,3.57,2.65,H,0.3902460300671567,0.33968100960610215,0.2700729603267406,2019-04-12,H,1
1465,Fulham,Everton,4.64,4.01,1.79,H,0.3976209954301142,0.3187851618917394,0.28359384267814586,2019-04-13,H,1
1466,Brighton,Bournemouth,2.32,3.29,3.49,A,0.3511167911937139,0.38090248948118566,0.2679807193251005,2019-04-13,A,1
1464,Burnley,Cardiff,1.9,3.63,4.48,H,0.49400707658924664,0.2394898077508342,0.26650311565991924,2019-04-13,H,1
1461,Tottenham,Huddersfield,1.21,7.08,14.67,H,0.6796975356454259,0.10809458200138061,0.21220788235319354,2019-04-13,H,1
1462,Southampton,Wolves,2.64,3.22,3.02,H,0.4620161617367147,0.2612616846572508,0.27672215360603447,2019-04-13,H,1
1463,Man United,West Ham,1.42,5.02,8.33,H,0.5761714034029506,0.16567047491424636,0.2581581216828034,2019-04-13,H,1
1467,Crystal Palace,Man City,10.23,5.55,1.34,A,0.22853315954200745,0.5559805894577452,0.2154862510002487,2019-04-14,A,1
1468,Liverpool,Chelsea,1.68,4.12,5.46,H,0.5097398372372052,0.20575149458311082,0.28450866817968373,2019-04-14,H,1
1469,Watford,Arsenal,3.18,3.78,2.25,A,0.26452450581400133,0.5061126901493856,0.2293628040366132,2019-04-15,A,1
1470,Brighton,Cardiff,2.01,3.27,4.53,A,0.49755938257444826,0.2312900647590895,0.2711505526664621,2019-04-16,H,0
1475,Huddersfield,Watford,4.34,3.81,1.87,A,0.3555060074958039,0.3717951211517032,0.27269887135249227,2019-04-20,A,1
1474,Newcastle,Southampton,2.59,3.1,3.24,H,0.4220780042770365,0.30045270924914047,0.27746928647382235,2019-04-20,H,1
1476,Bournemouth,Fulham,1.68,4.32,5.05,A,0.5431286515696543,0.2011940960081941,0.25567725242215167,2019-04-20,H,0
1472,Wolves,Brighton,1.77,3.5,5.79,D,0.52074436225673,0.2161656741894771,0.2630899635537932,2019-04-20,H,0
1471,Man City,Tottenham,1.29,6.44,10.31,H,0.5105598521825429,0.2137653779155274,0.27567476990192946,2019-04-20,H,1
1473,West Ham,Leicester,3.21,3.5,2.35,D,0.32513227187737603,0.4152419512160376,0.25962577690658584,2019-04-20,A,0
1477,Arsenal,Crystal Palace,1.56,4.55,6.23,A,0.6446595125288488,0.12939728353473193,0.22594320393641987,2019-04-21,H,0
1478,Cardiff,Liverpool,14.96,7.07,1.21,A,0.21676859020484224,0.5794299398070417,0.2038014699881175,2019-04-21,A,1
1479,Everton,Man United,3.23,3.55,2.34,H,0.3731361950686928,0.361003574466813,0.26586023046449503,2019-04-21,H,1
1480,Chelsea,Burnley,1.25,6.33,13.71,D,0.664870782362026,0.1155543605643644,0.21957485707360985,2019-04-22,H,0
1481,Tottenham,Brighton,1.29,5.63,12.65,H,0.6832998228558416,0.10673469038107661,0.20996548676308202,2019-04-23,H,1
1482,Watford,Southampton,2.29,3.49,3.35,D,0.3718478246138914,0.3545938307389532,0.2735583446471552,2019-04-23,H,0
1483,Wolves,Arsenal,2.95,3.47,2.54,H,0.28061541886726366,0.4820101418354198,0.2373744392973167,2019-04-24,A,0
1484,Man United,Man City,6.94,4.85,1.49,A,0.33956879971965315,0.40799288076444573,0.2524383195158998,2019-04-24,A,1
1485,Liverpool,Huddersfield,1.08,13.99,30.97,H,0.674636656725391,0.10878063795464403,0.21658270531996546,2019-04-26,H,1
1490,Tottenham,West Ham,1.44,5.17,7.4,A,0.6233991109818678,0.1392103891412219,0.23739049987691058,2019-04-27,H,0
1491,Brighton,Newcastle,2.35,3.18,3.6,D,0.43597236602389344,0.28098455699643266,0.2830430769796732,2019-04-27,H,0
1489,Crystal Palace,Everton,2.63,3.45,2.84,D,0.4073164324354451,0.3107217568712616,0.28196181069329274,2019-04-27,H,0
1488,Watford,Wolves,2.64,3.32,2.93,A,0.4067556328823661,0.3156763451372475,0.2775680219803857,2019-04-27,H,0
1487,Fulham,Cardiff,2.4,3.71,2.95,H,0.5374082973707276,0.20533109061621746,0.25726061201305556,2019-04-27,H,1
1486,Southampton,Bournemouth,1.92,3.86,4.1,D,0.40508709334549386,0.31771221041746767,0.27720069623703764,2019-04-27,H,0
1492,Burnley,Man City,19.41,8.84,1.15,A,0.23050578416070722,0.5553738418169752,0.21412037402231857,2019-04-28,A,1
1493,Leicester,Arsenal,2.68,3.77,2.61,H,0.3538324000369039,0.3847299899464629,0.2614376100166333,2019-04-28,A,0
1494,Man United,Chelsea,2.73,3.43,2.77,D,0.4229385614581571,0.2898218551544075,0.28723958338743516,2019-04-28,H,0
1495,Southampton,Liverpool,8.91,5.15,1.39,A,0.23705725270188074,0.549030482499995,0.21391226479812475,2019-05-04,A,1
1496,Arsenal,Brighton,1.43,4.72,8.49,D,0.6864762295423092,0.10478902387872165,0.20873474657896954,2019-05-05,H,0
1497,Huddersfield,Man United,9.23,5.56,1.34,D,0.2394053674696013,0.5415638355799278,0.21903079695047203,2019-05-05,A,0
1498,Chelsea,Watford,1.39,5.14,8.58,H,0.6621167010667013,0.11683529094413359,0.22104800798916546,2019-05-05,H,1
1504,Liverpool,Leicester,1.47,4.77,7.18,H,0.6001875687874517,0.15276059636374387,0.24705183484880497,2019-05-10,H,1
1503,Burnley,Everton,3.01,3.36,2.52,H,0.39794344126417264,0.32275528533721776,0.27930127339860916,2019-05-10,H,1
1502,Brighton,Tottenham,3.97,3.67,2.0,H,0.2347310198360416,0.5492037427902093,0.21606523737374994,2019-05-10,A,0
1501,Norwich,Aston Villa,2.46,3.61,2.91,A,0.5275280691985236,0.21171412416209634,0.26075780663938003,2019-05-10,H,0
1500,Watford,Sheffield United,2.14,3.43,3.73,D,0.4519020155831288,0.2692235079866931,0.27887447643017726,2019-05-10,H,0
1499,West Ham,Crystal Palace,2.02,3.65,3.92,A,0.45402518414661347,0.26964539815142785,0.2763294177019587,2019-05-10,H,0
1505,Sheffield United,Newcastle,1.87,3.56,4.75,A,0.5214430218507516,0.2127981621671685,0.2657588159820803,2019-05-12,H,0
1506,Arsenal,Brighton,1.63,4.2,5.68,A,0.6864762295423092,0.10478902387872165,0.20873474657896954,2019-05-12,H,0
1507,Everton,Man City,9.59,5.84,1.33,A,0.2888010131543467,0.4722378951401072,0.23896109170554627,2019-06-02,A,1
1508,Bournemouth,Burnley,2.09,3.64,3.75,A,0.5325980226552017,0.20541829613692741,0.26198368120787136,2019-06-04,H,0
1509,Huddersfield,Leicester,5.22,3.86,1.75,A,0.2915415344167637,0.4620022411443367,0.24645622443889995,2019-06-04,A,1
1510,Newcastle,Crystal Palace,2.61,3.2,3.1,A,0.44143312776352694,0.28387422033933357,0.2746926518971393,2019-06-04,H,0
1511,Man City,Leicester,1.17,8.35,17.14,H,0.6157421402134206,0.14489019761403676,0.23936766217254377,2019-06-05,H,1
1515,Man City,Wolves,1.13,9.61,23.95,A,0.6522964327037092,0.12126952600482416,0.22643404129146746,2019-06-10,H,0
1514,Newcastle,Man United,4.51,3.51,1.93,H,0.27406879169635273,0.49012711010212334,0.23580409820152398,2019-06-10,A,0
1513,Southampton,Chelsea,4.09,3.97,1.88,A,0.25941084642600487,0.5105771913737008,0.23001196220029432,2019-06-10,A,1
1512,Arsenal,Bournemouth,1.44,5.08,7.13,H,0.6252580650959768,0.13780765645758106,0.23693427844644335,2019-06-10,H,1
1516,Everton,Arsenal,3.01,3.67,2.41,H,0.4147579154519854,0.3153169664863579,0.26992511806165687,2019-07-04,H,1
1517,Chelsea,West Ham,1.32,5.82,10.48,H,0.6120426081485819,0.1423554466503895,0.24560194520102932,2019-08-04,H,1
1518,Norwich,Watford,2.7,3.58,2.65,A,0.49469525847250545,0.23307973887911818,0.27222500264837607,2019-08-11,H,0
1524,Arsenal,Burnley,1.34,5.68,9.35,H,0.6749607752306337,0.11080524506064042,0.2142339797087265,2019-08-17,H,1
1523,Aston Villa,Bournemouth,2.32,3.56,3.17,A,0.33243364314845036,0.403770803614072,0.2637955532374776,2019-08-17,A,1
1522,Brighton,West Ham,2.58,3.38,2.92,D,0.3560591618532297,0.3682490794769189,0.27569175866985063,2019-08-17,A,0
1525,Man City,Tottenham,1.37,5.42,8.71,D,0.5105598521825429,0.2137653779155274,0.27567476990192946,2019-08-17,H,0
1520,Norwich,Newcastle,2.25,3.42,3.44,H,0.5114009444908263,0.22208358758205796,0.2665154679271158,2019-08-17,H,1
1519,Southampton,Liverpool,7.04,4.72,1.48,A,0.23705725270188074,0.549030482499995,0.21391226479812475,2019-08-17,A,1
1521,Everton,Watford,1.76,3.95,4.87,H,0.5865308493826271,0.16562661131459908,0.2478425393027741,2019-08-17,H,1
1526,Chelsea,Leicester,1.74,3.79,5.28,D,0.5760073137122897,0.1653824740449344,0.2586102122427758,2019-08-18,H,0
1527,Sheffield United,Crystal Palace,2.6,3.21,3.02,H,0.4894082407561096,0.24560570658135003,0.2649860526625403,2019-08-18,H,1
1528,Wolves,Man United,3.4,3.29,2.33,D,0.277255279747897,0.48855133536389284,0.23419338488821062,2019-08-19,A,0
1529,Aston Villa,Everton,3.22,3.54,2.31,H,0.34785863364433783,0.3772869385178495,0.2748544278378123,2019-08-23,A,0
1535,Watford,West Ham,2.16,3.52,3.57,A,0.370634487535027,0.35177906967256045,0.2775864427924117,2019-08-24,H,0
1530,Sheffield United,Leicester,3.52,3.29,2.28,A,0.39333118838700154,0.34278267325916745,0.26388613835383057,2019-08-24,H,0
1531,Man United,Crystal Palace,1.36,5.26,9.59,A,0.6061121410668396,0.14801146751964914,0.24587639141351175,2019-08-24,H,0
1532,Brighton,Southampton,2.45,3.28,3.18,A,0.3658722159591703,0.3632346064070338,0.2708931776337959,2019-08-24,H,0
1533,Norwich,Chelsea,4.13,4.07,1.85,A,0.255433884784157,0.5219467396467349,0.22261937556910866,2019-08-24,A,1
1534,Liverpool,Arsenal,1.48,4.98,6.47,H,0.5654302548070426,0.17176899489603537,0.2628007502969224,2019-08-24,H,1
1538,Wolves,Burnley,1.83,3.52,5.06,D,0.5014389440297324,0.2290293365129065,0.2695317194573614,2019-08-25,H,0
1537,Bournemouth,Man City,14.88,7.52,1.2,A,0.23622973312390108,0.5470010213123753,0.2167692455637245,2019-08-25,A,1
1536,Tottenham,Newcastle,1.26,6.46,12.01,A,0.6801884309239906,0.10823465384479299,0.21157691523121663,2019-08-25,H,0
1539,Southampton,Man United,3.83,3.41,2.12,D,0.2747077804233577,0.48752592491307556,0.23776629466356666,2019-08-31,A,0
1540,Burnley,Liverpool,10.24,5.37,1.34,A,0.22679658174306724,0.5651191503590477,0.20808426789788612,2019-08-31,A,1
1541,West Ham,Norwich,1.91,3.93,4.04,H,0.5394169682070937,0.20277458822158417,0.25780844357132215,2019-08-31,H,1
1542,Crystal Palace,Aston Villa,2.22,3.44,3.5,H,0.5059740246051536,0.2268374831001559,0.2671884922946902,2019-08-31,H,1
1543,Chelsea,Sheffield United,1.36,5.12,10.23,D,0.6516577983429065,0.12375871424499144,0.2245834874121028,2019-08-31,H,0
1544,Man City,Brighton,1.08,13.01,34.71,H,0.6847829398977492,0.10606545545536118,0.20915160464689,2019-08-31,H,1
1545,Newcastle,Watford,2.73,3.22,2.86,D,0.45433447651701947,0.2681611616861932,0.27750436179678706,2019-08-31,H,0
1546,Leicester,Bournemouth,1.71,4.12,4.95,H,0.45963417345026686,0.2665993831798073,0.2737664433699254,2019-08-31,H,1
1553,Brighton,Burnley,2.06,3.41,4.14,A,0.4520888590271197,0.26358044548288295,0.2843306954899966,2019-09-02,H,0
1552,Liverpool,Bournemouth,1.2,7.34,15.64,H,0.6291236275146153,0.13398384996295135,0.2368925225224343,2019-09-02,H,1
1551,Huddersfield,Arsenal,5.69,4.24,1.63,A,0.24546085835388365,0.5324119793606554,0.22212716228546142,2019-09-02,A,1
1549,Watford,Everton,2.41,3.35,3.24,H,0.38045106885687724,0.33707256800586793,0.282476363137254,2019-09-02,H,1
1548,Southampton,Cardiff,1.78,3.77,5.06,A,0.5346950262313319,0.2046624214512081,0.2606425523174606,2019-09-02,H,0
1547,Crystal Palace,West Ham,2.13,3.46,3.77,D,0.3863609082202767,0.33675343325736334,0.27688565852235886,2019-09-02,H,0
1550,Fulham,Man United,5.57,4.36,1.63,A,0.26177096316694126,0.5082838722425784,0.22994516459048087,2019-09-02,A,1
1560,Crystal Palace,Brighton,1.88,3.52,4.85,A,0.5238454067948276,0.21473452158321887,0.2614200716219535,2019-09-03,H,0
1554,Cardiff,West Ham,3.58,3.43,2.21,H,0.3463746781355405,0.38109319981993295,0.27253212204452604,2019-09-03,A,0
1555,Huddersfield,Bournemouth,3.53,3.27,2.31,A,0.31557890332358296,0.4282078579589811,0.25621323871743645,2019-09-03,A,1
1556,Leicester,Fulham,1.6,4.41,5.73,H,0.5881622579968878,0.1670234390595949,0.24481430294351778,2019-09-03,H,1
1557,Man City,Watford,1.15,8.79,19.09,H,0.6802823441017265,0.10865204145099934,0.21106561444727462,2019-09-03,H,1
1558,Newcastle,Everton,2.85,3.21,2.78,H,0.4116253514832167,0.3038489930155519,0.28452565550123016,2019-09-03,H,1
1559,Southampton,Tottenham,4.34,3.78,1.89,H,0.24918803477044746,0.5253579553272396,0.22545400990231307,2019-09-03,A,0
1561,Liverpool,Norwich,1.15,9.59,18.05,H,0.6782459823978585,0.10716530451765637,0.21458871308448565,2019-09-08,H,1
1566,Tottenham,Sheffield United,1.6,4.21,6.09,D,0.6477074148034804,0.12770666240160292,0.22458592279491704,2019-09-11,H,0
1565,Southampton,Everton,3.11,3.44,2.41,A,0.4497864756102607,0.26433757730955626,0.28587594708018255,2019-09-11,H,0
1567,Leicester,Arsenal,1.98,3.91,3.79,H,0.3538324000369039,0.3847299899464629,0.2614376100166333,2019-09-11,A,0
1563,Burnley,West Ham,2.27,3.59,3.24,H,0.3634371769732489,0.3611595828775407,0.27540324014920975,2019-09-11,H,1
1562,Newcastle,Bournemouth,2.69,3.25,2.88,H,0.38307603824848896,0.34428211387918645,0.27264184787232426,2019-09-11,H,1
1564,Chelsea,Crystal Palace,1.34,5.41,9.74,H,0.633067276021821,0.13489106902402165,0.2320416549541578,2019-09-11,H,1
1568,Norwich,Man City,18.79,9.48,1.14,H,0.2401590379005495,0.5412285917301545,0.21861237036929682,2019-09-14,A,0
1569,Liverpool,Newcastle,1.16,8.41,20.6,H,0.6740289091471167,0.10913275872489692,0.21683833212798703,2019-09-14,H,1
1570,Brighton,Burnley,2.17,3.35,3.75,D,0.4520888590271197,0.26358044548288295,0.2843306954899966,2019-09-14,H,0
1571,Man United,Leicester,1.99,3.53,4.17,H,0.528963824129111,0.2041095160941838,0.26692665977670543,2019-09-14,H,1
1572,Sheffield United,Southampton,2.45,3.35,3.12,A,0.46709789786599804,0.2614240489051645,0.27147805322883745,2019-09-14,H,0
1573,Tottenham,Crystal Palace,1.4,4.92,8.87,H,0.6454578937496828,0.12730706168143832,0.22723504456887902,2019-09-14,H,1
1574,Wolves,Chelsea,3.07,3.37,2.48,A,0.24876150620016654,0.5330295140941818,0.2182089797056521,2019-09-14,A,1
1575,Watford,Arsenal,3.66,3.74,2.06,D,0.26452450581400133,0.5061126901493856,0.2293628040366132,2019-09-15,A,0
1576,Bournemouth,Everton,3.05,3.53,2.41,H,0.46482984686329193,0.25247307647066636,0.28269707666604127,2019-09-15,H,1
1577,Aston Villa,West Ham,2.65,3.6,2.69,D,0.34899081091577927,0.3758928986904576,0.2751162903937627,2019-09-16,A,0
1578,Southampton,Bournemouth,2.12,3.65,3.55,A,0.40508709334549386,0.31771221041746767,0.27720069623703764,2019-09-20,H,0
1579,Leicester,Tottenham,2.92,3.53,2.5,H,0.28056009363915574,0.48236142102155893,0.2370784853392854,2019-09-21,A,0
1580,Burnley,Norwich,2.02,3.8,3.73,H,0.49344623426452666,0.24194580517773362,0.2646079605577397,2019-09-21,H,1
1581,Everton,Sheffield United,1.69,3.8,5.76,A,0.5928343651390066,0.16351920744456988,0.24364642741642423,2019-09-21,H,0
1582,Man City,Watford,1.11,10.69,27.58,H,0.6802823441017265,0.10865204145099934,0.21106561444727462,2019-09-21,H,1
1583,Newcastle,Brighton,2.55,3.15,3.16,D,0.5045181581499556,0.22370109345653072,0.27178074839351407,2019-09-21,H,0
1584,Crystal Palace,Wolves,2.68,3.15,2.98,D,0.4393812134477549,0.2845248657739531,0.2760939207782919,2019-09-22,H,0
1585,West Ham,Man United,3.33,3.56,2.24,H,0.27935544747851615,0.4836728478034356,0.23697170471804893,2019-09-22,A,0
1586,Arsenal,Aston Villa,1.43,4.86,8.01,H,0.6830653307380647,0.10634680493718332,0.21058786432475265,2019-09-22,H,1
1587,Chelsea,Liverpool,3.66,3.66,2.08,A,0.40784822279430055,0.30245163104866096,0.28970014615703776,2019-09-22,H,0
1594,Everton,Man City,10.21,6.03,1.3,A,0.2858467719278549,0.4791743822233617,0.23497884584878373,2019-09-28,A,1
1595,Aston Villa,Burnley,2.39,3.45,3.15,D,0.42847080027038237,0.29590280931146,0.2756263904181573,2019-09-28,H,0
1593,Wolves,Watford,1.9,3.5,4.69,H,0.45575294861562893,0.26766230713144235,0.2765847442529283,2019-09-28,H,1
1592,Bournemouth,West Ham,2.49,3.62,2.86,D,0.4408299079767974,0.2777119470380724,0.2814581449851299,2019-09-28,H,0
1589,Tottenham,Southampton,1.44,4.69,8.18,H,0.6256782231909815,0.1371409931883707,0.2371807836206483,2019-09-28,H,1
1590,Crystal Palace,Norwich,1.97,3.78,3.96,H,0.5412159514591108,0.20338339322950563,0.25540065531138356,2019-09-28,H,1
1588,Sheffield United,Liverpool,9.4,5.22,1.36,A,0.27821981455644007,0.4924064731219365,0.2293737123216239,2019-09-28,A,1
1591,Chelsea,Brighton,1.44,4.65,8.41,H,0.6780741503748899,0.10811624923661531,0.21380960038849497,2019-09-28,H,1
1596,Leicester,Newcastle,1.53,4.21,7.27,H,0.5481288307828066,0.19328302980420933,0.25858813941298453,2019-09-29,H,1
1597,Man United,Arsenal,2.41,3.56,3.03,D,0.49380846570840825,0.22707964297759342,0.27911189131399866,2019-09-30,H,0
1598,Tottenham,Leicester,1.72,3.76,5.7,H,0.5874215354995388,0.1625671068612099,0.25001135763925153,2019-10-02,H,1
1599,Man City,Chelsea,1.51,4.63,6.91,H,0.5157350105763875,0.2105868588667185,0.27367813055689383,2019-10-02,H,1
1600,Arsenal,Man United,2.45,3.55,3.04,H,0.5289247573524766,0.19981854232504562,0.2712567003224779,2019-10-03,H,1
1601,Chelsea,Wolves,1.59,4.04,6.93,D,0.6318011705548155,0.1327992405669469,0.2353995888782378,2019-10-03,H,0
1602,Liverpool,Burnley,1.17,7.8,18.87,H,0.6704479638898695,0.11115361967683662,0.21839841643329422,2019-10-03,H,1
1608,Tottenham,Aston Villa,1.3,5.84,10.96,H,0.6801122655658531,0.1081211639180366,0.2117665705161106,2019-10-08,H,1
1607,Crystal Palace,Everton,3.21,3.37,2.39,D,0.4073164324354451,0.3107217568712616,0.28196181069329274,2019-10-08,H,0
1606,Burnley,Southampton,2.71,3.31,2.81,H,0.402218472884137,0.3270576955037946,0.2707238316120681,2019-10-08,H,1
1603,Watford,Brighton,1.98,3.44,4.37,A,0.47918789770159265,0.24307325135424426,0.27773885094416273,2019-10-08,H,0
1604,West Ham,Man City,11.68,6.53,1.26,A,0.2339477328314536,0.5499185345659554,0.21613373260259214,2019-10-08,A,1
1605,Bournemouth,Sheffield United,2.04,3.57,3.9,D,0.5138297738921213,0.2238807361169462,0.26228948999093255,2019-10-08,H,0
1609,Man United,Brighton,1.7,3.66,5.98,H,0.6661153644552521,0.11469372812103447,0.2191909074237135,2019-10-11,H,1
1610,Liverpool,Man City,2.57,3.66,2.74,H,0.4360241536441611,0.2815482924144457,0.2824275539413926,2019-10-11,H,1
1611,Wolves,Aston Villa,1.89,3.7,4.38,H,0.49646533393063835,0.231925535409831,0.27160913065953063,2019-10-11,H,1
1619,Crystal Palace,Man City,12.88,6.95,1.24,A,0.22853315954200745,0.5559805894577452,0.2154862510002487,2019-10-19,A,1
1618,Wolves,Southampton,1.88,3.61,4.61,D,0.4011116933866853,0.3252823516264383,0.27360595498687595,2019-10-19,H,0
1616,Leicester,Burnley,1.57,4.12,6.69,H,0.5706181142651066,0.17677221690246367,0.25260966883243063,2019-10-19,H,1
1617,Tottenham,Watford,1.43,5.0,7.67,D,0.6722689020796915,0.11275406074495103,0.2149770371753577,2019-10-19,H,0
1614,Bournemouth,Norwich,1.72,4.47,4.45,D,0.5563290621069582,0.19218293135163933,0.2514880065414025,2019-10-19,H,0
1613,Aston Villa,Brighton,2.39,3.51,3.09,H,0.47233909272098806,0.25301269993017234,0.27464820734883927,2019-10-19,H,1
1612,Everton,West Ham,1.99,3.76,3.88,H,0.5254564714119063,0.2067744678156621,0.2677690607724311,2019-10-19,H,1
1615,Chelsea,Newcastle,1.32,5.7,10.32,H,0.6716899011335518,0.11105673385512506,0.21725336501132367,2019-10-19,H,1
1620,Man United,Liverpool,5.08,4.06,1.71,D,0.367625691351914,0.3557809867450815,0.27659332190300445,2019-10-20,H,0
1621,Sheffield United,Arsenal,3.96,3.83,1.96,H,0.3384715151672041,0.41033194820715513,0.2511965366256407,2019-10-21,A,0
1622,Southampton,Leicester,3.25,3.34,2.38,A,0.3487387360552107,0.38669960760045863,0.2645616563443303,2019-10-25,A,1
1626,West Ham,Sheffield United,2.15,3.46,3.66,D,0.49290886476446116,0.23802696868023598,0.26906416655530285,2019-10-26,H,0
1625,Watford,Bournemouth,2.21,3.52,3.44,D,0.37227404485005255,0.3556209152287545,0.27210503992119267,2019-10-26,H,0
1627,Burnley,Chelsea,4.61,4.17,1.75,A,0.23376551798673817,0.5555064628417218,0.21072801917154094,2019-10-26,A,1
1623,Man City,Aston Villa,1.09,12.5,29.54,H,0.6848704819857273,0.10593693343579258,0.20919258457848058,2019-10-26,H,1
1624,Brighton,Everton,2.9,3.37,2.6,H,0.36988048516895305,0.35039551905171007,0.2797239957793364,2019-10-26,H,1
1628,Newcastle,Wolves,3.09,3.11,2.62,D,0.4391583104874509,0.28542825141534095,0.2754134380972077,2019-10-27,H,0
1629,Arsenal,Crystal Palace,1.51,4.66,6.54,D,0.6446595125288488,0.12939728353473193,0.22594320393641987,2019-10-27,H,0
1630,Liverpool,Tottenham,1.55,4.48,6.22,H,0.4966350216459501,0.21606068244382995,0.2873042959102197,2019-10-27,H,1
1631,Norwich,Man United,4.37,3.96,1.83,A,0.286316523170069,0.47319331175543233,0.2404901650744995,2019-10-27,A,1
1632,Wolves,Newcastle,1.69,3.82,5.96,D,0.4726966481802797,0.2520622803383505,0.2752410714813695,2019-11-02,H,0
1633,Newcastle,Arsenal,4.58,3.93,1.81,A,0.27075212691071365,0.4952368275476935,0.2340110455415924,2019-11-08,A,1
1634,Leicester,Wolves,2.21,3.34,3.66,D,0.5125399591013095,0.22085482304221657,0.26660521785647345,2019-11-08,H,0
1635,Man United,Chelsea,2.21,3.37,3.63,H,0.4229385614581571,0.2898218551544075,0.28723958338743516,2019-11-08,H,1
1641,Arsenal,Southampton,1.49,4.72,6.86,D,0.6348786443546721,0.13117067045216022,0.23395068519316806,2019-11-23,H,0
1643,Bournemouth,Wolves,2.85,3.38,2.63,A,0.4697723644403665,0.25684010554340264,0.2733875300162309,2019-11-23,H,0
1640,Man City,Chelsea,1.45,5.2,6.74,H,0.5157350105763875,0.2105868588667185,0.27367813055689383,2019-11-23,H,1
1642,West Ham,Tottenham,4.37,4.32,1.76,A,0.24455482592666683,0.5345862625950801,0.2208589114782538,2019-11-23,A,1
1638,Everton,Norwich,1.41,5.18,7.85,A,0.6241308170944566,0.14418978334542717,0.23167939956011646,2019-11-23,H,0
1637,Watford,Burnley,2.39,3.35,3.22,A,0.4498636834533475,0.2676048416670168,0.2825314748796351,2019-11-23,H,0
1636,Crystal Palace,Liverpool,7.59,4.82,1.45,A,0.22180249603264293,0.5714416834209424,0.20675582054641597,2019-11-23,A,1
1639,Brighton,Leicester,3.73,3.58,2.09,A,0.3020864545509282,0.44842659633948434,0.24948694910958696,2019-11-23,A,1
1644,Sheffield United,Man United,3.65,3.37,2.19,D,0.3250554803443894,0.4273531903291413,0.2475913293264695,2019-11-24,A,0
1645,Aston Villa,Newcastle,2.14,3.54,3.6,H,0.4218519930307568,0.29990798075314595,0.2782400262160971,2019-11-25,H,1
1646,Southampton,Watford,2.15,3.51,3.62,H,0.4839581085998821,0.23691238212777146,0.2791295092723466,2019-11-30,H,1
1647,Tottenham,Bournemouth,1.39,5.29,8.34,H,0.6176857482907157,0.14349973295008742,0.23881451875919762,2019-11-30,H,1
1648,Liverpool,Brighton,1.2,7.08,17.22,H,0.6789887869323148,0.10699133109847668,0.21401988196920899,2019-11-30,H,1
1649,Chelsea,West Ham,1.3,5.99,10.19,A,0.615371899954595,0.14150006973776527,0.2431280303076403,2019-11-30,H,0
1650,Burnley,Crystal Palace,2.36,3.33,3.31,A,0.4283414989134805,0.30086775436976076,0.27079074671675857,2019-11-30,H,0
1651,Newcastle,Man City,14.05,7.9,1.2,D,0.23057643533308878,0.556110606351609,0.21331295831530303,2019-11-30,A,0
1658,Crystal Palace,Watford,2.27,3.44,3.44,A,0.4617830434310389,0.263521061530515,0.274695895038446,2019-12-01,H,0
1657,West Ham,Arsenal,3.53,3.85,2.1,H,0.28029557080383005,0.4800889708459348,0.23961545835023534,2019-12-01,A,0
1656,Leicester,Southampton,1.93,3.59,4.43,A,0.4774159419558128,0.25117377682287595,0.27141028122131117,2019-12-01,H,0
1654,Chelsea,Newcastle,1.22,6.67,15.97,H,0.6716899011335518,0.11105673385512506,0.21725336501132367,2019-12-01,H,1
1653,Burnley,Fulham,2.39,3.26,3.36,H,0.5105023279330851,0.2252592592700877,0.26423841279682714,2019-12-01,H,1
1652,Cardiff,Huddersfield,2.26,3.23,3.71,D,0.48712968962600894,0.24063588993907892,0.2722344204349123,2019-12-01,H,0
1655,Brighton,Liverpool,9.78,5.39,1.34,A,0.22125104738347007,0.5746622336233896,0.2040867189931415,2019-12-01,A,1
1659,Leicester,Newcastle,1.66,3.87,6.18,A,0.5481288307828066,0.19328302980420933,0.25858813941298453,2019-12-04,H,0
1668,Man United,Cardiff,1.28,6.33,10.21,A,0.6600382893137393,0.11736696802717425,0.2225947426590866,2019-12-05,H,0
1660,Southampton,Huddersfield,1.44,4.83,7.62,D,0.5384760871059375,0.20166472870539695,0.25985918418866577,2019-12-05,H,0
1661,Tottenham,Everton,2.1,3.64,3.64,D,0.6354158099280695,0.13041474386609161,0.2341694462058394,2019-12-05,H,0
1662,Liverpool,Wolves,1.31,5.77,10.54,H,0.6411634779804172,0.12640649985380845,0.2324300221657749,2019-12-05,H,1
1663,Leicester,Chelsea,2.44,3.65,2.93,D,0.28762771090380496,0.4745916829126927,0.23778060618350205,2019-12-05,A,0
1664,Fulham,Newcastle,2.55,3.57,2.83,A,0.4668057658984496,0.25564699788469136,0.27754723621685873,2019-12-05,H,0
1665,Crystal Palace,Bournemouth,1.88,4.14,3.95,H,0.3763229598940242,0.351652576691432,0.272024463414544,2019-12-05,H,1
1666,Burnley,Arsenal,3.15,3.8,2.25,A,0.2641242161927825,0.5069967207273467,0.22887906307987116,2019-12-05,A,1
1667,Brighton,Man City,15.63,8.17,1.18,A,0.22888276776987562,0.5584444042305323,0.21267282799959283,2019-12-05,A,1
1669,Watford,West Ham,2.2,3.85,3.21,A,0.370634487535027,0.35177906967256045,0.2775864427924117,2019-12-05,H,0
